{"cameraMode":{"drawMode":0,"name":"Shaded","section":"Shading Mode"},"sceneLighting":true,"audioPlay":false,"sceneViewState":{"m_AlwaysRefresh":false,"showFog":true,"showSkybox":true,"showFlares":true,"showImageEffects":true,"showParticleSystems":true,"showVisualEffectGraphs":true,"m_FxEnabled":true},"in2DMode":false,"pivot":{"x":3.6460676193237306,"y":1.1117658615112305,"z":11.247669219970704},"rotation":{"x":0.07137727737426758,"y":0.8916088342666626,"z":-0.15121641755104066,"w":0.4208419919013977},"size":2.8984782695770265,"orthographic":false}