{"cameraMode":{"drawMode":0,"name":"Shaded","section":"Shading Mode"},"sceneLighting":true,"audioPlay":false,"sceneViewState":{"m_AlwaysRefresh":false,"showFog":true,"showSkybox":true,"showFlares":true,"showImageEffects":true,"showParticleSystems":true,"showVisualEffectGraphs":true,"m_FxEnabled":true},"in2DMode":false,"pivot":{"x":14.500595092773438,"y":-8.178882598876954,"z":7.846039772033691},"rotation":{"x":0.45378729701042178,"y":-0.0024040176067501308,"z":0.001238100929185748,"w":0.8911305069923401},"size":9.066357612609864,"orthographic":false}