{"cameraMode":{"drawMode":0,"name":"Shaded","section":"Shading Mode"},"sceneLighting":true,"audioPlay":false,"sceneViewState":{"m_AlwaysRefresh":false,"showFog":true,"showSkybox":true,"showFlares":true,"showImageEffects":true,"showParticleSystems":true,"showVisualEffectGraphs":true,"m_FxEnabled":true},"in2DMode":false,"pivot":{"x":42.63721466064453,"y":-170.01112365722657,"z":114.88887786865235},"rotation":{"x":0.48406895995140078,"y":0.055056922137737277,"z":-0.030536742880940439,"w":0.8727623820304871},"size":127.72492218017578,"orthographic":false}